timestamp,imu:accel.x,imu:accel.y,imu:accel.z,imu:gyro.x,imu:gyro.y,imu:gyro.z,imu:temperature,bme280:temperature,bme280:humidity,bme280:pressure
126273,,,,,,,,22.81,100,68137.55
126329,,,,,,,,22.81,84.06445,68137.55
126385,,,,,,,,,,
126441,,,,,,,,22.81,100,68137.55
126497,,,,,,,,22.81,100,68137.55
126553,,,,,,,,,,
126609,,,,,,,,,,
126665,,,,,,,,22.81,100,68137.55
126721,,,,,,,,,,
126777,,,,,,,,22.81,84.06445,68137.55
126833,,,,,,,,22.81,100,68137.55
126889,,,,,,,,,,
126945,,,,,,,,,,
127001,,,,,,,,,,
127057,,,,,,,,,,
127113,,,,,,,,,,
127169,,,,,,,,,,
127225,,,,,,,,22.81,84.43066,68137.55
127281,,,,,,,,22.81,100,68137.55
127337,,,,,,,,,,
127393,,,,,,,,,,
127480,,,,,,,,22.81,84.06445,68137.55
127536,,,,,,,,,,
127592,,,,,,,,22.81,100,68137.55
127648,,,,,,,,22.81,84.06445,68137.55
127704,,,,,,,,22.81,100,68137.55
127760,,,,,,,,,,
127816,,,,,,,,22.81,84.06445,68137.55
127872,,,,,,,,,,
127928,,,,,,,,,,
127984,,,,,,,,,,
128040,,,,,,,,22.81,100,68137.55
128096,,,,,,,,22.81,84.43066,68137.55
128152,,,,,,,,22.81,84.06445,68137.55
128208,,,,,,,,22.81,100,68137.55
128264,,,,,,,,,,
128320,,,,,,,,,,
128376,,,,,,,,,,
128432,,,,,,,,,,
128488,,,,,,,,,,
128544,,,,,,,,22.81,100,68137.55
128600,,,,,,,,,,
128656,,,,,,,,,,
128712,,,,,,,,,,
128768,,,,,,,,22.81,84.43066,68137.55
128824,,,,,,,,22.81,100,68137.55
128880,,,,,,,,22.81,84.06445,68137.55
128936,,,,,,,,22.81,100,68137.55
129034,,,,,,,,22.81,83.72168,68137.55
129090,,,,,,,,,,
129146,,,,,,,,,,
129202,,,,,,,,22.81,84.06445,68137.55
129258,,,,,,,,22.81,100,68137.55
129314,,,,,,,,,,
129370,,,,,,,,,,
129426,,,,,,,,,,
129482,,,,,,,,22.81,100,68137.55
129538,,,,,,,,22.81,100,68137.55
129594,,,,,,,,22.81,100,68137.55
129650,,,,,,,,,,
129753,,,,,,,,22.81,83.71094,68137.55
129817,,,,,,,,,,
129873,,,,,,,,,,
129929,,,,,,,,,,
129985,,,,,,,,,,
130041,,,,,,,,22.81,84.43066,68137.55
130097,,,,,,,,22.81,100,68137.55
130153,,,,,,,,,,
130209,,,,,,,,,,
130265,,,,,,,,,,
130321,,,,,,,,,,
130377,,,,,,,,22.81,100,68137.55
130433,,,,,,,,22.81,83.88184,68137.55
130489,,,,,,,,,,
130545,,,,,,,,,,
130601,,,,,,,,22.81,100,68137.55
130657,,,,,,,,,,
130713,,,,,,,,22.81,100,68137.55
130769,,,,,,,,,,
130825,,,,,,,,22.81,84.06445,68137.55
130881,,,,,,,,22.81,100,68137.55
130937,,,,,,,,,,
130993,,,,,,,,22.81,100,68137.55
131049,,,,,,,,22.81,84.43066,68137.55
131105,,,,,,,,22.81,100,68137.55
131161,,,,,,,,,,
131217,,,,,,,,22.81,84.43066,68137.55
131273,,,,,,,,22.81,100,68137.55
131329,,,,,,,,22.81,84.43066,68137.55
131385,,,,,,,,22.81,100,68137.55
131441,,,,,,,,,,
131500,,,,,,,,22.81,83.69922,68137.55
131556,,,,,,,,,,
131612,,,,,,,,,,
131752,,,,,,,,22.81,84.06445,68137.55
131808,,,,,,,,22.81,100,68137.55
131941,,,,,,,,,,
131997,,,,,,,,22.81,84.06445,68137.55
138495,,,,,,,,22.81,83.79102,68137.55
138605,,,,,,,,22.81,83.74512,68137.55
184820,0.178223,-0.403198,1.001709,23.19336,-116.394,-42.3584,199.5625,,,
184876,0.353516,-0.76709,0.749878,-56.57959,-170.2881,19.83643,199.8125,,,
184932,0.601807,-0.625977,1.322754,100.5249,-131.6528,155.5786,199.6875,,,
184988,0.465454,-0.178467,1.203125,70.86182,69.39697,191.4673,199.5625,,,
185044,0.496948,-0.349365,1.315674,66.65039,159.4238,139.6484,199.8125,,,
185100,0.512817,-0.419556,0.926758,53.77197,308.4717,222.9004,199.625,,,
185156,0.198608,-0.197876,0.622192,-4.821777,238.2813,236.084,198.3125,,,
185212,0.171387,0.255981,0.488159,-82.4585,184.4482,204.6509,198.0625,,,
185268,-0.626465,0.190308,1.056763,-152.2827,16.96777,135.0098,198.0625,,,
185324,-0.262573,0.046021,1.583862,193.6646,310.1196,133.9111,197.6875,,,
185380,-0.310303,0.332031,-0.06897,16.8457,380.4321,93.44482,197.8125,,,
185436,-0.667847,0.624878,-0.187256,-19.47021,219.4214,26.55029,197.875,,,
185492,-0.750366,0.356567,-0.043091,44.86084,260.1318,-13.18359,196.6875,,,
185548,-0.275024,0.703369,-1.16333,-98.02246,359.1309,30.82275,197,,,
185604,-0.053833,1.499512,-1.890869,-214.0503,115.2954,-125.6104,196.25,,,
185660,-0.029541,0.742432,-1.073364,-211.1206,-40.46631,-318.7256,196.4375,,,
185716,-0.418335,0.317871,-0.750854,-126.6479,-74.58496,-272.8271,197.4375,,,
185772,-0.461304,0.098511,-0.289917,-64.7583,-70.98389,-278.0151,196.1875,,,
185828,-0.540039,-0.138916,-0.303345,95.33691,-84.53369,-230.1025,197.625,,,
185884,-0.313965,-0.286621,-0.087524,122.3755,-149.7803,-251.3428,197.5625,,,
185940,-0.099121,-0.315674,0.104614,178.1006,-230.957,-302.7954,198.375,,,
185996,0.188354,-0.632568,0.787598,263.7939,-312.5,-290.8325,198.125,,,
186052,0.622437,-1.335449,1.956177,309.021,-279.3579,-220.459,197.5625,,,
186108,0.510498,-1.385864,2.074829,2.13623,182.0068,98.69385,197.4375,,,
186164,0.538208,-0.64502,0.796631,-128.479,320.8008,176.9409,200.9375,,,
186220,-0.059692,-0.484985,0.874268,-64.02588,156.3721,204.6509,197.3125,,,
186276,0.032837,-0.346802,0.834473,81.11572,365.9668,205.6274,195.75,,,
186332,-0.318115,-0.081055,-0.241943,-156.6162,399.7192,212.6465,196.5625,,,
186388,-0.19873,0.194824,-0.683838,-374.5117,294.3115,273.4985,195.625,,,
186444,-0.192505,1.227295,-0.464722,-548.1567,15.86914,304.7485,196.1875,,,
186500,-0.053955,1.483765,0.807861,-406.9824,-74.52393,106.1401,195.9375,,,
186556,-0.358521,1.554688,0.980469,-79.04053,92.65137,-80.07813,196.25,,,
186612,-0.429321,0.648682,0.264282,-4.394531,188.8428,-114.0137,197.625,,,
186668,-0.480957,0.751099,0.073486,36.9873,136.6577,-135.7422,195.6875,,,
186724,-0.417969,0.601196,0.035034,53.10059,110.1685,-227.1118,195.625,,,
186780,-0.404907,0.332153,0.052368,225.5859,128.2959,-351.9897,196.9375,,,
186836,-0.125854,-0.264771,-0.0896,355.2856,86.60889,-477.0508,191.8125,,,
186894,0.448853,-1.647217,-0.006592,339.1113,-80.32227,-540.7104,195,,,
186951,0.434937,-2.239868,0.986084,411.9263,-260.376,-137.9395,195.125,,,
187007,0.317749,-1.313232,1.551025,-49.74365,78.55225,186.3403,202.75,,,
187063,0.187378,-1.010986,0.744385,19.40918,197.6929,191.1011,194.9375,,,
187119,-0.034302,-0.79248,0.610107,26.79443,217.5293,252.3804,194.875,,,
187175,-0.220703,-0.596191,0.348633,-100.2808,240.2954,316.8945,194.8125,,,
187231,-0.39563,-0.099609,-0.010132,-263.0615,155.0293,333.6792,194.125,,,
187287,-0.186768,0.119751,-0.050049,-420.2881,25.6958,430.1147,195.5625,,,
187343,0.651245,0.27771,0.63916,-520.874,-233.0933,541.626,192,,,
187399,1.192261,0.828613,2.392944,-293.2739,-326.7822,460.2661,195.0625,,,
187455,0.865234,1.099854,1.332275,-83.37402,145.3247,160.2173,194.5,,,
187511,0.206909,1.039185,0.52124,144.3481,72.81494,-44.31152,194.75,,,
187567,0.262695,0.484619,1.010132,92.95654,52.24609,-109.1919,194.1875,,,
187623,0.152832,0.704834,0.765259,-19.83643,82.39746,-90.08789,194.6875,,,
187679,0.172485,1.174194,1.10376,148.5596,210.6323,-231.0181,193.75,,,
187735,0.592651,0.975586,0.348633,494.812,121.46,-477.9053,194,,,
187791,0.628174,0.168579,0.515625,374.5117,-57.61719,-676.2085,193.75,,,
187847,0.72583,-0.719116,0.907837,145.2637,-223.3276,-772.644,193.5625,,,
187903,0.195923,-3.657471,0.796265,51.63574,180.0537,-310.9741,193.375,,,
187959,-0.067139,-1.529419,0.20105,-102.1118,-3.601074,54.6875,194.125,,,
188015,-0.096436,-0.999878,0.288818,-60.48584,88.37891,115.9058,193.8125,,,
188071,-0.209595,-1.740967,0.132813,-129.6997,35.33936,220.3369,193.5625,,,
188127,-0.039185,-0.817383,0.143555,-128.9063,47.54639,421.814,194.375,,,
188183,0.003174,-0.16687,-0.345459,-443.3594,-93.44482,520.752,193.75,,,
188239,0.303589,0.615723,0.356812,-206.1157,-417.6636,437.561,193.75,,,
188295,0.062378,1.355713,2.505249,-138.855,-21.1792,143.9819,193.5625,,,
188351,-0.295044,1.34082,0.485962,225.3418,20.69092,-26.42822,193.4375,,,
188407,-0.434326,0.78186,0.432617,33.14209,26.9165,-125.9766,192.625,,,
188463,-0.457764,0.603638,0.365479,9.094238,21.05713,-181.2744,193.5625,,,
188519,-0.493286,1.021729,0.180786,25.32959,-33.08105,-130.249,193.0625,,,
188575,-0.394043,0.758301,0.432373,44.92188,-71.96045,-318.3594,193,,,
188633,-0.37085,0.098755,0.477783,-33.5083,16.23535,-417.0532,193.375,,,
188689,-0.241089,-0.818481,0.425171,35.5835,18.37158,-461.3647,193.5,,,
188745,-0.505615,-1.48938,0.392334,87.52441,-7.8125,-227.5391,193.25,,,
188801,-0.517822,-1.241333,0.623901,-69.15283,-55.84717,-16.17432,193.9375,,,
188857,-0.496948,-1.3927,0.703369,-68.17627,56.57959,91.00342,193.0625,,,
188913,-0.503174,-0.81665,0.758667,-90.33203,181.6406,106.7505,193.5625,,,
188969,-0.450562,-0.783936,-0.06543,-98.2666,216.1865,196.6553,192.75,,,
189025,-0.588501,-0.407227,-0.474121,-137.5732,81.05469,191.8335,192.0625,,,
189081,-0.670776,0.049561,-0.494995,-181.2744,-47.97363,228.4546,186.4375,,,
189137,-0.784424,0.176514,-0.055176,-110.4126,-154.9072,168.5791,193.125,,,
189193,-0.849243,0.420532,0.334229,58.77686,-75.62256,129.5166,193.4375,,,
189249,-0.858032,0.546509,0.171631,2.258301,-16.47949,56.9458,192.5,,,
189305,-0.889282,0.788574,0.271118,1.220703,-3.173828,-9.277344,192.625,,,
189361,-0.760742,0.745361,0.086914,55.11475,-30.09033,-96.80176,193.3125,,,
189417,-0.626953,0.625977,0.193726,66.16211,-16.23535,-246.2769,192.4375,,,
189473,-0.557739,-0.09668,0.075073,117.8589,-23.86475,-300.9644,194.25,,,
189529,-0.624023,-0.938843,0.359375,89.47754,-14.70947,-325.9277,193.375,,,
189585,-0.756836,-1.687256,0.182129,-0.915527,63.7207,-114.3188,193.625,,,
189641,-0.696533,-0.94104,-0.015869,-43.70117,32.40967,86.79199,193.625,,,
189697,-0.778931,-1.238525,0.008545,32.53174,18.37158,58.04443,193.25,,,
189753,-0.572754,-1.340088,0.127808,-86.48682,36.43799,303.4668,193.1875,,,
189809,-0.443848,-0.237183,-0.098389,-219.5435,-39.85596,353.1494,193.8125,,,
189865,-0.256958,0.299438,0.250366,-293.0908,-181.2744,353.8208,193.6875,,,
189921,-0.087402,0.857178,0.87439,-222.8394,-255.127,256.4087,190,,,
189977,-0.251587,1.193237,1.251221,130.188,115.3564,-10.43701,194.375,,,
190033,-0.370605,0.851807,0.469971,166.5039,61.40137,-135.1318,193.5,,,
190089,-0.449951,0.973511,0.041138,-11.96289,17.02881,-102.1729,192.8125,,,
190145,-0.449097,0.922119,0.125854,-20.56885,-17.08984,-251.77,192.5,,,
190201,-0.468384,0.245728,0.450806,79.04053,-34.42383,-295.166,193.375,,,
190257,-0.518799,-0.21167,0.358521,40.58838,40.95459,-333.5571,193.5,,,
190389,-0.643433,-1.537231,0.150024,53.89404,31.49414,-134.8877,192.375,,,
190445,-0.579346,-1.06311,0.167969,-26.42822,6.286621,29.05273,194.0625,,,
